coraliedelage_,
agrsahe,
jila.n5685,
nyc.zach,
kenneth_slaughterlittleman1959,
robertocrielenic,
yoshio_samuel_takai,
laptopguy818,
indra.gva,
ameristell,
mang_.adi,
gobymaxime,
thefallenangelgallery,
thanhle537,
twoturtledoves_,
vellamardell,
uncle_garlic_jew,
maron_mama8,
aashishhhh_city,
keilao13,
helensunde4173,
judelyntimbreza,
1angel_jr,
alexander298,
iamberserk,
dinx68,
laisasw,
kirkmcgrath,
kannahgrajesh,
ranakhan6415,
lisazim,
thelittlebluewindowhostel,
iriartezabaleta,
anthony_sharpie,
elin.johnsen,
gypsysarahjane709,
yudhis_killz,
venturawood.s,
manicfury98,
jendoubiwajdi_,
mohammadbenzineb,
heric10,
tasjcenterpriseltd,
susimuliati,
alprish,
avtomzapcast,
uday_gr8,
margarittle,
ankitsharma_12,
abo_ftc,
akeronman,
alikarax1,
panoramicscapes,
bross701,
rborr7070,
__.vikas.__,
__tesseract___,
yujisekine,
rugaldeathmaster,
mellejg,
osvalcolu,
xeniamateu,
adam0835,
rdmole,
freddy_artist,
especiallynotagenius,
riobads,
laura_mrsl,
_cool_cars_of_life_,
culdeepgraphy,
jan.k.fay,
09.121996,
carloswelder,
diveinstructortom,
adiityaaa.1910,
saveriocarlu,
elena_reboni,
hamoudabouslami,
mbalimlangeni_,
rdoebler,
giathomas1966,
sufisah,
bencicuska,
el.jelita,
ivan_ftrhmn,
ucr2602,
vinkphotos,
renzjohn14,
monicaltran,
jes.2018,
anselmo_santos10,
sje.wavephotography,
novry_ost,
the_harshit_saini,
thetravelingswede_,
alexharris_photography,
prakash8980,
andreia.cris1,
gripsylonbyanapumar,
jc.gera,
earth_cheebie,
aserranovasv,
charlieabbiss,
htc_clk_krtlms,
bhavyamathur2610,
mateussousa093,
gunstapora,
hamraouisahar,
ristimauji,
loren_mill,
ocean.lyfe,
takaakinonaka13,
pastoriantonio,
lyricgirl_helen,
bobby_eltor,
seto_1998,
studio_v_pro_1,
csopi623,
wesamalkalaas,
patricia.ferrari.3998,
sandip.katariya,
jumarlyd_pastora,
matt.roy10,
ellunen,
loeschbor1964,
gaiafemme,
hm.6269,
water_and_art,
theecoproject_,
jacky.alvarez.9843,
lilypullen,
nasolutions,
twinkling_little_star_07,
kristyanna92,
xiaoxiaoma.nt,
armixuss,
renidewik15,
anthonyrice23,
grieboski,
25mackaroni,
elsonkambalu,
magdayvale,
addz7777,
carslivestyle_,
elvis.chip,
gypsythemovie,
anthuangonzalez72,
illescasabraham,
diogoferraiuolo,
leonfretwell,
epic540vision,
michikrombach,
skragram,
carlosgonzalezanimax0982,
jagienka9,
yujin_nyota_akita_love,
autti_autti_,
puntasfuentes4359,
ioana.wru,
daimul.ihsan,
flyingthoughtz,
abbalonga,
legendto1000,
maryblumaryblu,
tofan_wayang,
laurentino2filho,
kymbatibrayemova,
ashbourke03,
adenircamara,
abhay9809,
touristmoments,
nicola_quinta,
fajararmadani,
hahaha_ani,
stojoskimartin,
johann_hatzinikolau,
gilangraditya16,
vividani67,
adventurevikings,
jmanehernandez0172,
m.d_sport,
evdesaglikk,
jplikestoeatfood,
wvanderhaegen,
ashtoncds,
817aam,
jualeks,
cristian_bustamnte_,
photography1official,
unique_fotograf,
natalie_keijzer,
california.pridee,
showkat8464,
carmen_5538,
mariel_sis,
martinconcentrates,
dario2021,
rvb3d,
quentin_lnv,
efmendes72,
lacroixcabanas,
mehra3515,
